date_bjt,time_bjt,group,team_a,team_b,goals_a,goals_b
2026-06-12,00:00,A,Mexico,South Africa,2,0
2026-06-12,06:00,A,South Korea,Czechia,2,1
2026-06-13,03:00,B,Canada,Bosnia and Herzegovina,1,1
2026-06-13,09:00,D,United States,Paraguay,4,1
2026-06-14,03:00,B,Qatar,Switzerland,1,1
2026-06-14,06:00,C,Brazil,Morocco,1,1
2026-06-14,09:00,C,Haiti,Scotland,0,1
2026-06-14,12:00,D,Australia,Turkey,2,0
2026-06-15,01:00,E,Germany,Curaçao,7,1
2026-06-15,04:00,F,Netherlands,Japan,2,2
2026-06-15,07:00,E,Ivory Coast,Ecuador,1,0
2026-06-15,10:00,F,Sweden,Tunisia,5,1
2026-06-16,01:00,H,Spain,Cape Verde,0,0
2026-06-16,06:00,G,Belgium,Egypt,1,1
2026-06-16,06:00,H,Saudi Arabia,Uruguay,1,1
2026-06-16,12:00,G,Iran,New Zealand,2,2
2026-06-17,03:00,I,France,Senegal,3,1
2026-06-17,06:00,I,Iraq,Norway,1,4
2026-06-17,09:00,J,Argentina,Algeria,3,0
2026-06-17,12:00,J,Austria,Jordan,3,1
2026-06-18,01:00,K,Portugal,DR Congo,1,1
2026-06-18,04:00,L,England,Croatia,4,2
2026-06-18,07:00,L,Ghana,Panama,1,0
2026-06-18,10:00,K,Uzbekistan,Colombia,1,3
2026-06-19,00:00,A,Czechia,South Africa,1,1
2026-06-19,03:00,B,Switzerland,Bosnia and Herzegovina,4,1
2026-06-19,06:00,B,Canada,Qatar,6,0
2026-06-19,11:00,A,Mexico,South Korea,1,0
2026-06-20,03:00,D,United States,Australia,2,0
2026-06-20,06:00,C,Scotland,Morocco,0,1
2026-06-20,09:00,C,Brazil,Haiti,3,0
2026-06-20,12:00,D,Turkey,Paraguay,0,1
2026-06-21,01:00,F,Netherlands,Sweden,5,1
2026-06-21,04:00,E,Germany,Ivory Coast,2,1
2026-06-21,08:00,E,Ecuador,Curaçao,0,0
2026-06-21,12:00,F,Tunisia,Japan,0,4
2026-06-22,00:00,H,Spain,Saudi Arabia,4,0
2026-06-22,03:00,G,Belgium,Iran,0,0
2026-06-22,06:00,H,Uruguay,Cape Verde,2,2
2026-06-22,09:00,G,New Zealand,Egypt,1,3
2026-06-23,01:00,J,Argentina,Austria,2,0
2026-06-23,05:00,I,France,Iraq,3,0
2026-06-23,08:00,I,Norway,Senegal,3,2
2026-06-23,11:00,J,Jordan,Algeria,1,2
2026-06-24,01:00,K,Portugal,Uzbekistan,5,0
2026-06-24,04:00,L,England,Ghana,0,0
2026-06-24,07:00,L,Panama,Croatia,0,1
2026-06-24,10:00,K,Colombia,DR Congo,1,0
2026-06-25,03:00,B,Switzerland,Canada,2,1
2026-06-25,03:00,B,Bosnia and Herzegovina,Qatar,3,1
2026-06-25,06:00,C,Scotland,Brazil,0,3
2026-06-25,06:00,C,Morocco,Haiti,4,2
2026-06-25,09:00,A,Czechia,Mexico,0,3
2026-06-25,09:00,A,South Africa,South Korea,1,0
2026-06-26,04:00,E,Ecuador,Germany,2,1
2026-06-26,04:00,E,Curaçao,Ivory Coast,0,2
2026-06-26,07:00,F,Japan,Sweden,1,1
2026-06-26,07:00,F,Tunisia,Netherlands,1,3
2026-06-26,10:00,D,Turkey,United States,3,2
2026-06-26,10:00,D,Paraguay,Australia,0,0
2026-06-27,03:00,I,Norway,France,1,4
2026-06-27,03:00,I,Senegal,Iraq,5,0
2026-06-27,08:00,H,Cape Verde,Saudi Arabia,0,0
2026-06-27,08:00,H,Uruguay,Spain,0,1
2026-06-27,11:00,G,Egypt,Iran,1,1
2026-06-27,11:00,G,New Zealand,Belgium,1,5
2026-06-28,05:00,L,Panama,England,0,2
2026-06-28,05:00,L,Croatia,Ghana,2,1
2026-06-28,07:30,K,Colombia,Portugal,0,0
2026-06-28,07:30,K,DR Congo,Uzbekistan,3,1
2026-06-28,10:00,J,Algeria,Austria,3,3
2026-06-28,10:00,J,Jordan,Argentina,1,3
2026-06-29,03:00,R32,South Africa,Canada,0,1
2026-06-30,01:00,R32,Brazil,Japan,2,1
2026-06-30,04:30,R32,Germany,Paraguay,1,1
2026-06-30,09:00,R32,Netherlands,Morocco,1,1
2026-07-01,01:00,R32,Ivory Coast,Norway,1,2
2026-07-01,05:00,R32,France,Sweden,3,0
2026-07-01,09:00,R32,Mexico,Ecuador,2,0
2026-07-02,00:00,R32,England,DR Congo,2,1
2026-07-02,04:00,R32,Belgium,Senegal,2,2
2026-07-02,08:00,R32,United States,Bosnia and Herzegovina,2,0
2026-07-03,03:00,R32,Spain,Austria,3,0
2026-07-03,07:00,R32,Portugal,Croatia,2,1
2026-07-03,11:00,R32,Switzerland,Algeria,2,0
2026-07-04,02:00,R32,Australia,Egypt,1,1
2026-07-04,06:00,R32,Argentina,Cape Verde,1,1
2026-07-04,09:30,R32,Colombia,Ghana,1,0
2026-07-05,01:00,R16,Canada,Morocco,0,3
2026-07-05,05:00,R16,Paraguay,France,0,1
2026-07-06,04:00,R16,Brazil,Norway,1,2
2026-07-06,08:00,R16,Mexico,England,2,3
2026-07-07,03:00,R16,Portugal,Spain,0,1
2026-07-07,08:00,R16,United States,Belgium,1,4
2026-07-08,00:00,R16,Argentina,Egypt,3,2
2026-07-08,04:00,R16,Switzerland,Colombia,0,0
2026-07-10,04:00,QF,France,Morocco,2,0
2026-07-11,03:00,QF,Spain,Belgium,2,1
2026-07-12,05:00,QF,Norway,England,1,2
2026-07-12,09:00,QF,Argentina,Switzerland,3,1
2026-07-15,03:00,SF,France,Spain,0,2
2026-07-16,03:00,SF,England,Argentina,1,2
2026-07-19,05:00,3P,France,England,4,6
2026-07-20,03:00,FINAL,Spain,Argentina,1,0
